{
  "accuracy": 0.956140350877193,
  "precision": 0.958904109589041,
  "recall": 0.9722222222222222,
  "f1": 0.9655172413793104,
  "best_params": {
    "clf__max_depth": null,
    "clf__n_estimators": 1000
  }
}